file,page,image,width,height
conceptual-framework-p036-01.png,36,1,1249,1445
ppdioo-lifecycle-p045-01.png,45,1,483,517
community-survey-p087-01.png,87,1,686,289
community-survey-p087-02.png,87,2,655,283
community-survey-p088-01.png,88,1,689,292
community-survey-p088-02.png,88,2,666,258
community-survey-p088-03.png,88,3,696,317
community-survey-p089-01.png,89,1,718,288
community-survey-p089-02.png,89,2,703,320
community-survey-p090-01.png,90,1,706,337
community-survey-p090-02.png,90,2,658,284
community-survey-p091-01.png,91,1,652,313
community-survey-p091-02.png,91,2,727,328
two-dimensional-site-model-p092-01.png,92,1,1272,676
two-dimensional-site-model-p092-02.png,92,2,1272,704
three-dimensional-site-model-p093-01.png,93,1,1271,706
three-dimensional-site-model-p093-02.png,93,2,1267,703
three-dimensional-site-model-p094-01.png,94,1,1266,712
three-dimensional-site-model-p094-02.png,94,2,1271,717
three-dimensional-site-model-p095-01.png,95,1,1269,718
three-dimensional-site-model-p095-02.png,95,2,1269,715
physical-layout-p096-01.png,96,1,118,475
physical-layout-p096-02.png,96,2,1120,748
physical-layout-p096-03.png,96,3,532,90
physical-layout-p097-01.png,97,1,842,1187
logical-layout-p098-01.png,98,1,1059,499
logical-layout-p098-02.png,98,2,287,400
logical-layout-p099-01.png,99,1,709,1271
logical-layout-p100-01.png,100,1,481,1321
ip-addressing-scheme-p101-01.png,101,1,1340,746
device-dream-router-p119-01.png,119,1,700,700
device-nanostation-bridge-p123-01.png,123,1,775,775
device-powerbeam-bridge-p128-01.png,128,1,500,500
device-nvr-p132-01.png,132,1,768,768
device-mesh-node-p137-01.png,137,1,459,459
device-bullet-camera-p142-01.png,142,1,1104,685
device-dome-camera-p149-01.png,149,1,500,500
setup-dream-router-p158-01.png,158,1,936,919
setup-nanostation-bridge-p159-01.png,159,1,487,693
setup-powerbeam-bridge-p160-01.png,160,1,479,668
setup-nvr-p161-01.png,161,1,708,768
setup-nvr-p162-01.png,162,1,682,234
setup-nvr-p162-02.png,162,2,688,509
setup-mesh-node-p163-01.png,163,1,796,663
setup-mesh-node-p163-02.png,163,2,797,567
setup-mesh-node-p164-01.png,164,1,775,302
setup-bullet-camera-p165-01.png,165,1,636,538
setup-bullet-camera-p165-02.png,165,2,644,822